number,id,firstName,lastName,isFemale,Day,Month,Year,socialID
51,22125112,Thanh Trieu,Duong,0,13,8,2004,1.52684E+11
52,22125114,Anh Tuan,Doan,0,9,3,2004,8.20495E+11
53,22125116,Hoang Tung,Vu,0,24,8,2004,7.08315E+11
54,22125117,Huynh Diem Uyen,Do,1,20,4,2004,5.03782E+11
55,22125119,Quoc Van,Le,0,19,9,2004,6.02836E+11
56,22125120,Nguyen Thao Vi,Trinh,1,22,9,2004,8.27415E+11
57,22125122,Khanh Vinh,Phung,0,10,3,2004,8.1923E+11
58,22125123,Khanh Vuong,Le,0,25,9,2004,1.02947E+11
